{
  "EmployedAtGrad": {
    "lower": 0.33355,
    "upper": 0.7869
  },
  "Employed3Mo": {
    "lower": 0.61795,
    "upper": 0.9565999999999999
  },
  "AvgSalaryBonus": {
    "lower": 65209.35,
    "upper": 197390.85
  },
  "MedianGPA": {
    "lower": 3.3,
    "upper": 3.8
  },
  "AcceptanceRate": {
    "lower": 0.13435000000000002,
    "upper": 0.9079999999999998
  },
  "PeerScore": {
    "lower": 2.105,
    "upper": 4.494999999999999
  },
  "RecruiterScore": {
    "lower": 2.5,
    "upper": 4.294999999999999
  },
  "GMAT_Combined": {
    "lower": 511.2669727890763,
    "upper": 730.0
  }
}