{
  "coef": [
    1.818854677362005,
    2.2852953716772904,
    9.417419876440922,
    2.949564525010918,
    -1.3794800247010366,
    5.146520185314268,
    3.6187047890010158,
    0.7955403146776867
  ],
  "intercept": 59.319574152386984
}