{
  "coef": [
    1.798116069774914,
    2.323036025929076,
    9.415116943268037,
    2.9364746928810255,
    -1.3822055340607484,
    5.171880732745446,
    3.610256660986578,
    0.8064359451194626
  ],
  "intercept": 59.29469794174106
}