{
  "mean": [
    0.3425176471503652,
    1.6379601180468761,
    11.614688200444661,
    3.523901936217156,
    -0.12528351613856015,
    3.2081967213114746,
    3.308664387081761,
    6.389253833146459
  ],
  "scale": [
    0.5818692290986525,
    0.7375370463256701,
    0.36265012978244104,
    0.1471930091914149,
    1.0970047732255968,
    0.6422562258642428,
    0.5042685845236854,
    0.09995278843556597
  ],
  "feature_names": [
    "EmployedAtGrad",
    "Employed3Mo",
    "AvgSalaryBonus",
    "MedianGPA",
    "AcceptanceRate",
    "PeerScore",
    "RecruiterScore",
    "GMAT_Combined"
  ]
}